{"train/mse": 165.19212341308594, "train/nzlp": 0.0010419058380648494, "_timestamp": 1722523931.283176, "_runtime": 818.932098865509, "_step": 260, "valid/mse": 153.7477520038555, "valid/mre": 13912.427136177625, "epoch": 1, "_wandb": {"runtime": 607}}